{
  "files": {
    "ipvtri_dns_super_changer_PRO.py": {
      "size": 19913,
      "sha256": "e063366dba1246231926c0a038403820fabcd052f373850ea0d540308d6aeee4"
    },
    "Run_IPvTri_DNS_PRO.bat": {
      "size": 436,
      "sha256": "27006e44aba1b85f2c7493370960cedc602ddc819b7ff995dc26aa379cf1019f"
    },
    "Run_IPvTri_DNS_PRO_SAFE.bat": {
      "size": 552,
      "sha256": "6834509fc5a5cae329e1ecd32e0111b38a5aad21f4d3ed60ff9beba9ffb67ab0"
    },
    "Run_IPvTri_DNS_PRO_SHELL.bat": {
      "size": 436,
      "sha256": "27006e44aba1b85f2c7493370960cedc602ddc819b7ff995dc26aa379cf1019f"
    },
    "diagnose_ipvtri.bat": {
      "size": 1152,
      "sha256": "af42d2fb2f0c9b441ac0a3c0eef7157ad8aa2175cf4f1ad03e1d35800461eddf"
    },
    "install_ipvtri_dns_PRO.bat": {
      "size": 2375,
      "sha256": "e079f149e0236e00c7e0d402f4157f29e7fd6719a652dbf5e49827cd91fe2cbb"
    },
    "uninstall_ipvtri_dns_PRO.bat": {
      "size": 527,
      "sha256": "030f681f590079f7e1519ab064f099cf32ec34cf4b22f9e043df72f1665230df"
    },
    "install_optional_deps.bat": {
      "size": 1345,
      "sha256": "555ec0dcfe9a30241de01c959389a2080f468c05282f9f1b811cdaee7092f113"
    },
    "trusted_dns_list.txt": {
      "size": 37,
      "sha256": "a3f3c77d832a7cee7344ef785d8855a8dbfa08d4b2dd76b4c72efd289a783dcb"
    },
    "requirements-optional.txt": {
      "size": 28,
      "sha256": "ee82b0580f74dbc776822b45eb229df392ebf888996d2fe0e6e5c986e8ac85ff"
    },
    "README_PRO.md": {
      "size": 654,
      "sha256": "2049ff3cacaf7953d6c3b89d1ee85976ca27b6a0d42a73aa70336d92db8f6132"
    }
  }
}